{"cameraMode":{"drawMode":0,"name":"Shaded","section":"Shading Mode"},"sceneLighting":true,"audioPlay":false,"sceneViewState":{"m_AlwaysRefresh":false,"showFog":true,"showSkybox":true,"showFlares":true,"showImageEffects":true,"showParticleSystems":true,"showVisualEffectGraphs":true,"m_FxEnabled":true},"in2DMode":false,"pivot":{"x":1.600081443786621,"y":-0.09473323822021485,"z":1.9041204452514649},"rotation":{"x":-0.2931361198425293,"y":-0.31022951006889346,"z":0.10119751840829849,"w":-0.8986667990684509},"size":7.523828506469727,"orthographic":false}